index,disease_name,description,Possible Steps,image_url
0,আপেল : স্ক্যাব,"আপেল এবং ক্র্যাবআপেল গাছের সবচেয়ে সাধারণ রোগ হলো স্ক্যাব। স্ক্যাব রোগটি একটি ফাঙ্গাসের কারণে হয়, যা গাছের পাতা এবং ফলকে আক্রান্ত করে। স্ক্যাবযুক্ত ফল সাধারণত খাওয়ার উপযোগী থাকে না। সংক্রমিত পাতা গুলির মধ্যে হলদেটে সবুজ থেকে বাদামী দাগ দেখা যায়। অনেক দাগযুক্ত পাতা হলুদ হয়ে যায় এবং আগেই ঝরে পড়ে। যদি বারবার পাতাগুলি ঝরে পড়ে, তবে গাছটি দুর্বল হয়ে পড়ে। স্ক্যাব নিয়ন্ত্রণে রোগ প্রতিরোধী জাত নির্বাচন করা সেরা উপায়।","যতটা সম্ভব রোগ প্রতিরোধী জাত নির্বাচন করুন। গাছের নিচে পাতা পরিষ্কার করে ফেলে দিন এবং সংক্রামিত পাতাগুলি ধ্বংস করুন, যাতে পরবর্তী বছরে ফাঙ্গাসের স্পোরগুলি ছড়িয়ে না পড়ে। সন্ধ্যায় বা সকালে পানি দিন (অতিভাবে পানি দেওয়া এড়িয়ে চলুন), যাতে পাতা শুকিয়ে যাওয়ার আগে সংক্রমণ না হয়। গাছের নিচে ৩-৬ ইঞ্চি গভীর কম্পোস্ট বিছিয়ে দিন, যা গাছের গায়ে লাগানো থেকে বিরত থাকবে, যাতে মাটি আচ্ছাদিত থাকে এবং ফাঙ্গাসের স্পোরগুলো ছড়িয়ে না পড়ে। সেরা নিয়ন্ত্রণের জন্য, তরল কপার সোপ প্রথমে স্প্রে করুন, যখন লক্ষণগুলি সাধারণত দেখা দেয় তার দুই সপ্তাহ আগে। বিকল্পভাবে, রোগ প্রথম দেখা দিলে স্প্রে শুরু করুন এবং ৭ থেকে ১০ দিন পর পর পুনরায় স্প্রে করুন, ফুল পড়ে যাওয়া পর্যন্ত।","https://extension.umn.edu/sites/extension.umn.edu/files/apple-scab-1.jpg"
1,আপেল : ব্ল্যাক রট,"পাতার উপসর্গগুলো বসন্তের প্রথম দিকে দেখা দেয়, যখন পাতা মেলে। প্রথমে পাতার উপরের দিকে ছোট, বেগুনি দাগ দেখা যায় যা পরবর্তীতে গোলাকার ক্ষত হয়ে ১/৮ থেকে ১/৪ ইঞ্চি (৩-৬ মিমি) পরিমাপে বৃদ্ধি পায়। ক্ষতের সীমানা বেগুনি থাকে, আর মাঝখানটা সোনালী থেকে বাদামী হয়ে যায়। কয়েক সপ্তাহের মধ্যে, এই পাতার দাগগুলো আরও বাড়তে থাকে। মারাত্মকভাবে আক্রান্ত পাতাগুলো ক্লোরোটিক হয়ে পড়ে এবং পাতাগুলো ঝরে পড়ে। যত বড় হবে, কালো থেকে বাদামী বর্ণের পরিবর্তনশীল রেখাযুক্ত সাদা রিং দেখাবে। পচা এলাকার মাংস দৃঢ় এবং চামড়ার মতো থাকে। আক্রান্ত ফলের উপর কালো পিকনিডিয়া দেখা যায়।","গাছের কাঠি বা ক্যানকার ১৫ ইঞ্চি নিচে কেটে ফেলে দিন এবং তা পুড়িয়ে বা গর্তে পুঁতে ফেলুন। নতুন মৌসুমের কাঠি কাটা সময়েও সতর্কতা নিন এবং সেগুলো পুড়িয়ে ফেলুন। গাছ কাটার জন্য শীতকাল আদর্শ সময়। এতে গাছের আক্রমণ ঝুঁকি কমে যাবে। যদি গাছের ছাল ক্ষতিগ্রস্ত হয় বা ঝড়ে শাখা ভেঙে যায়, তবে সতর্কতা নিতে হবে। ব্ল্যাক রট এবং ফায়ার ব্লাইট থেকে রক্ষা পেতে কপারভিত্তিক ফাঙ্গিসাইড ব্যবহার করতে পারেন।","http://www.omafra.gov.on.ca/english/crops/facts/blackrotf1.jpg"
2,আপেল : সিডার রাস্ট,"সিডার অ্যাপল রাস্ট (Gymnosporangium juniperi-virginianae) একটি ফাঙ্গাল রোগ, যা তার জটিল দুই বছরের জীবনচক্র সম্পূর্ণ করতে জুনিপার গাছ প্রয়োজন। স্পোরগুলি শীতকালীন অবস্থায় জুনিপার গাছের তরুণ ডালগুলিতে লাল-বাদামী গল হিসেবে থাকে। বসন্তে, সিক্ত আবহাওয়ায়, এই গলগুলি ফুলে ওঠে এবং উজ্জ্বল কমলা রঙের স্পোরগুলি বাতাসে উড়ে গিয়ে আপেল গাছকে আক্রমণ করে। সেগুলোর স্পোর যে বছর এপেল গাছে তৈরি হয়, পরের বছর তারা জুনিপার গাছে আক্রমণ করতে পারে। রোগটি বারবার জুনিপার থেকে আপেল, এবং আবার জুনিপারে যেতে থাকে, আপেল গাছের মধ্যে ছড়াতে পারে না।","যতটা সম্ভব প্রতিরোধী জাত নির্বাচন করুন। গাছের নিচে পড়ে থাকা পাতা ও অন্যান্য আবর্জনা পরিষ্কার করুন এবং ধ্বংস করুন। আক্রান্ত জুনিপার গাছ থেকে গলগুলো সরিয়ে ফেলুন। কিছু ক্ষেত্রে, জুনিপার গাছ সম্পূর্ণভাবে সরিয়ে ফেলতে হতে পারে। গাছের উপর স্পোর ছড়ানোর আগেই সাপ্তাহিক ভিত্তিতে প্রতিরোধী ফাঙ্গিসাইড প্রয়োগ করুন। জুনিপার গাছের উপর কপার সলিউশন (০.৫ থেকে ২.০ আউন্স/গ্যালন পানি) স্প্রে করতে হবে আগস্টের শেষ থেকে অক্টোবরের শেষ পর্যন্ত চারটি বার। অধিকাংশ ফাঙ্গাল এবং ব্যাকটেরিয়াল রোগের জন্য, SERENADE Garden ব্যবহার করুন। এটি একটি বায়ো-ফাঙ্গিসাইড যা মৌমাছি ও উপকারী কীটপতঙ্গের জন্য সম্পূর্ণ নিরাপদ।","https://www.planetnatural.com/wp-content/uploads/2012/12/apple-rust.jpg"
3,আপেল : স্বাস্থ্যকর,"অ্যাপেল সেরা জন্মায় যখন তা পূর্ণ সূর্যের আলোতে গাছ হয়, অর্থাৎ দৈনিক ছয় ঘণ্টা বা তার বেশি সূর্যের আলো। অ্যাপেল গাছের জন্য উত্তম অবস্থান হলো বাড়ির উত্তর পাশে, গাছের সারি বা উঁচু স্থানে, দক্ষিণে নয়। আপেল গাছের জন্য ভালভাবে নিষ্কাশিত মাটি প্রয়োজন, তবে কিছু আর্দ্রতা ধরে রাখার ক্ষমতা থাকা উচিত।","আপেল পুষ্টিকর।
আপেল ওজন কমানোর জন্য ভালো হতে পারে।
আপেল হৃদরোগের জন্য ভালো হতে পারে।
এগুলি ডায়াবেটিসের ঝুঁকি কমানোর সাথে সম্পর্কিত।
এগুলি প্রিবায়োটিক প্রভাব রাখতে পারে এবং গ্যাস্ট্রোইনটেস্টিনাল ব্যাকটেরিয়ার উন্নতি ঘটাতে সাহায্য করতে পারে।
আপেলে কিছু উপাদান ক্যান্সার প্রতিরোধ করতে সাহায্য করতে পারে।","https://previews.123rf.com/images/msnobody/msnobody1508/msnobody150800002/43698436-red-apple-on-a-branch-of-an-apple-tree-on-a-sunny-day-organic-farmingagriculture-fresh-healthy-natur.jpg"
4,পটভূমি পাতা ছাড়াই, প্রদত্ত ছবিতে কোনো পাতা নেই, দয়া করে পাতাসহ ছবি পুনরায় আপলোড করুন, https://cdn.onlinewebfonts.com/svg/img_332817.png
5,ব্লুবেরি : স্বাস্থ্যকর,"ব্লুবেরি কম ক্যালোরির হলেও পুষ্টিতে সমৃদ্ধ। ...
ব্লুবেরি অ্যান্টিঅক্সিডেন্ট খাদ্যের রাজা। ...
ব্লুবেরি ডিএনএ ক্ষতি কমাতে সহায়ক, যা বার্ধক্য এবং ক্যান্সারের বিরুদ্ধে প্রতিরোধ গড়ে তুলতে সাহায্য করতে পারে। ...
ব্লুবেরি রক্তের কোলেস্টেরলকে ক্ষতিগ্রস্ত হওয়া থেকে রক্ষা করতে পারে। ...
ব্লুবেরি রক্তচাপ কমাতে সহায়ক।","গভীর, কম পিএইচ মুল্চ যেমন পিট মস, পাইন পাতাগুলি বা ভাল বয়সী ছাই জল সংরক্ষণে সহায়ক এবং মাটি জলস্তরের অস্থিরতা কমায়। ব্লুবেরি গাছগুলি দিনে জল পান করানো উচিত। মাটি আর্দ্র রাখুন কিন্তু অতিরিক্ত ভেজা যেন না থাকে। গাছগুলিকে প্রতি সপ্তাহে অন্তত ১ ইঞ্চি পানি দিন এবং ফল পাকানোর সময় ৪ ইঞ্চি পর্যন্ত পানি দিন। ব্লুবেরি গাছ শালীন-মূলযুক্ত একটি গাছ। অতএব, এটি এমন মাটির প্রয়োজন যা আর্দ্রতা ধরে রাখে, কিন্তু অতিরিক্ত ভেজা থাকে না এবং ভালভাবে নিষ্কাশনও হয়। ব্লুবেরি গাছগুলোকে সাইটে রোপণ করবেন না যেখানে ভারী, কাদামাটি থাকে যা ভেজা থাকে।", https://image.shutterstock.com/image-photo/blueberry-leaf-collection-isolated-on-260nw-308491814.jpg
6,চেরি : পাউডারি মিলডিউ,"প্রাথমিক লক্ষণগুলি, যা প্রায় ৭ থেকে ১০ দিন পরে প্রথম সেচের শুরু হওয়ার পর দেখা দেয়, হালকা গোলাকার, পাউডারি দেখতে দাগ তরতাজা পাতায় (যথেষ্ট না হওয়া, এবং হালকা সবুজ নতুন পাতায়)। পুরনো পাতা প্রাকৃতিকভাবে (অন্তর্বর্তী) পাউডারি মিলডিউ থেকে প্রতিরোধ তৈরি করে এবং সেগুলি নতুন পাতার তুলনায় অনেক বেশি প্রতিরোধী। প্রথমে রুট সাকার, গাছের অভ্যন্তরে বা গাছের গোড়ায় যেখানে আর্দ্রতা বেশি থাকে সেখানে পাতার সংক্রমণ দেখতে হবে। অন্যান্য ফাঙ্গি থেকে আলাদা, পাউডারি মিলডিউগুলি মুক্ত পানি প্রয়োজন হয় না প্রজনন ঘটানোর জন্য কিন্তু আর্দ্রতা বেশি হলে এটি উদ্ভিদ বৃদ্ধি করতে সাহায্য করে। রোগটি প্রথমে পাতার নিচের অংশে (অ্যাবাক্সিয়াল) শুরু হতে পারে কিন্তু পরবর্তী পর্যায়ে উভয় পাশে বিস্তার লাভ করতে পারে। ঋতু যত এগিয়ে যায় এবং সংক্রমণ বাতাসে ছড়িয়ে পড়ে, পাতা বিকৃত হতে শুরু করতে পারে, উপরে উঠে বাঁকানো। গুরুতর সংক্রমণ পাতা বেঁকাতে এবং ঘুরিয়ে ফেলতে পারে। নতুন পাতা সৃজনশীলভাবে ছোট হতে শুরু করতে পারে, সাধারণত ফ্যাকাশে হতে পারে এবং বিকৃত হতে পারে।","কাটা অংশে জীবাণুনাশক ব্যবহার করে তা পরিষ্কার করুন, তারপর গাছের আক্রান্ত অংশগুলো ছিঁড়ে ফেলে দিন। একই সময়ে, বাকী পাতাগুলিকে রক্ষা করতে ফাংগিসাইড স্প্রে করুন। আপনাকে বারবার স্প্রে করতে হবে এবং তার পরবর্তী নির্দেশাবলী অনুযায়ী গাছের স্বাস্থ্য রক্ষা করতে হবে।", http://treefruit.wsu.edu/wp-content/uploads/2017/05/Fig1.png
7,চেরি : স্বাস্থ্যকর,"সোর্চ এবং মিষ্টি চেরির মধ্যে যতটা পার্থক্য নেই যতটা যত্নের ক্ষেত্রে।
আর্দ্রতা ধরে রাখতে মাটি ছড়িয়ে দিন।
গাছের উপর জাল ঢেকে দিন যাতে পাখি ফল খেতে না পারে।
শুকনো এলাকায় নিয়মিত জল দিন।
চেরি গাছের ফল ঝরানোর কাজ সাধারনত গাছ নিজেই করে দেয়, তাই ফল ঝরানোর জন্য কোনো ব্যবস্থা নেওয়া প্রয়োজন নেই।","পুষ্টির পূর্ণ উৎস।
অ্যান্টিঅক্সিডেন্ট এবং প্রদাহ বিরোধী যৌগে সমৃদ্ধ।
ব্যায়াম থেকে পুনরুদ্ধারে সহায়তা করতে পারে।
হৃদযন্ত্রের স্বাস্থ্যের জন্য উপকারী।
আরথ্রাইটিস এবং গাউটের উপসর্গে উপকারী।
ঘুমের গুণমান উন্নত করতে পারে।
আপনার খাদ্যতালিকায় সহজে যুক্ত করা যায়।", https://previews.123rf.com/images/annafrby/annafrby1907/annafrby190700078/127086189-cherry-on-branch-with-green-leaf-healthy-food-fresh-fruit-two-ripe-berries-of-a-cherry-on-a-branch-l.jpg
8,ভুট্টা : সারকোস্পোরা পাতা দাগ | ধূসর পাতা দাগ,"ভুট্টার ধূসর পাতা দাগ, যা ছত্রাক সারকোস্পোরা জি-মাইডিস (Cercospora zeae-maydis) দ্বারা সৃষ্ট, এটি একটি বার্ষিক এবং অর্থনৈতিকভাবে ক্ষতিকর রোগ। 1990-এর দশকের মাঝামাঝি থেকে, এই রোগটির গুরুত্ব ইন্ডিয়ানায় বেড়েছে এবং বর্তমানে এটি রাজ্যের ভুট্টার অন্যতম গুরুত্বপূর্ণ পত্র রোগ। ধূসর পাতা দাগ রোগটি ছত্রাক পাইরিকুলারিয়া গ্রিসিয়া (Pyricularia grisea), যা ম্যাগনাপোর্থি গ্রিসিয়া (Magnaporthe grisea) নামেও পরিচিত, দ্বারা সৃষ্ট। ফ্লোরিডার উষ্ণ ও বৃষ্টিপ্রবণ আবহাওয়া এই ছত্রাকজনিত রোগের জন্য সহায়ক পরিবেশ তৈরি করে। এই ছত্রাক বৃদ্ধি ধীর করে, পুরোনো ক্ষেত দুর্বল করে এবং বড় এলাকায় ফসল মেরে ফেলতে পারে।","গভীরভাবে সেচ দিন, কিন্তু ঘন ঘন নয়।
যখন রোগ সক্রিয় থাকে, তখন লনে পোস্ট-এমার্জেন্ট আগাছা হত্যাকারী ব্যবহার এড়িয়ে চলুন।
মাঝারি থেকে উচ্চ নাইট্রোজেন সার প্রয়োগ এড়িয়ে চলুন।
লনে বাতাস চলাচল এবং আলোর মাত্রা উন্নত করুন।
যথাযথ উচ্চতায় ঘাস কাটুন এবং কেবল তখনই কাটুন যখন ঘাস শুকনো থাকে।",https://upload.wikimedia.org/wikipedia/commons/thumb/1/12/Gray_leaf_spot_Cercospora_zeae-maydis_5465607.png/330px-Gray_leaf_spot_Cercospora_zeae-maydis_5465607.png
9,ভুট্টা : সাধারণ মরিচা,"যদিও ভুট্টার ক্ষেতে মরিচার কয়েকটি ফোস্কা সারা মৌসুম জুড়ে পাওয়া যেতে পারে, তবুও সাধারণত তুষপতনের পর লক্ষণগুলো দেখা যায়। এগুলো সহজেই চিনতে এবং অন্যান্য রোগ থেকে আলাদা করা যায়। এর বৈশিষ্ট্য হলো ভুট্টার পাতার উপরের এবং নিচের উভয় পৃষ্ঠে ছোট, ডিম্বাকার থেকে লম্বাটে, গাঢ় লালচে-বাদামী ফোস্কা (ইউরিডিনিয়া) বিকশিত হয়। এই ফোস্কাগুলো গাছের যেকোনো উপরের অংশে দেখা যেতে পারে, তবে পাতায় সবচেয়ে বেশি থাকে। ফোস্কাগুলো সাধারণত ১/৪ ইঞ্চি দীর্ঘের কম হয় এবং পাতা পর্দার স্তরের চারপাশে থাকে যেখানে এটি ভেঙে গেছে।","ভুট্টার মরিচার প্রকোপ কমাতে, কেবল সেই জাতের ভুট্টা চাষ করুন যা ছত্রাক প্রতিরোধী। প্রতিরোধ হয় রেস-নির্দিষ্ট প্রতিরোধ বা আংশিক মরিচা প্রতিরোধ আকারে। যেকোনো ক্ষেত্রে, মিষ্টি ভুট্টা সম্পূর্ণরূপে প্রতিরোধী নয়। যদি ভুট্টায় সংক্রমণের লক্ষণ দেখা দেয়, তাহলে অবিলম্বে একটি ফাঙ্গিসাইড দিয়ে স্প্রে করুন।",https://ohioline.osu.edu/sites/ohioline/files/imce/Plant_Pathology/PLNTPTH-CER-02_Figure_1.png
10,ভুট্টা : উত্তরীয় পাতা ঝলসানো,"উত্তরীয় ভুট্টা পাতা ঝলসানো (NCLB) ছত্রাক Setosphaeria turcica দ্বারা সৃষ্ট। লক্ষণ সাধারণত প্রথমে নিচের পাতায় দেখা যায়। পাতা ক্ষত দীর্ঘ (১ থেকে ৬ ইঞ্চি) এবং ডিম্বাকৃতি, শুরুতে ধূসর-সবুজ কিন্তু পরে ফ্যাকাশে ধূসর বা বাদামী হয়ে যায়। স্যাঁতসেঁতে অবস্থায়, গাঢ় ধূসর স্পোর উৎপন্ন হয়, সাধারণত নিচের পাতা পৃষ্ঠে, যা ক্ষতগুলোকে ""ময়লা"" ধূসর রঙ প্রদান করে। গুরুতরভাবে আক্রান্ত গাছে সম্পূর্ণ পাতা মারা যেতে পারে, তাই পৃথক ক্ষত দৃশ্যমান থাকে না। হাইব্রিড ভুট্টার যে জাতগুলোতে ছত্রাক প্রতিরোধের জন্য Ht জিন রয়েছে, তাদের ক্ষতগুলো ছোট, ক্লোরোটিক এবং কখনও কখনও সরলরেখার মতো হয়। এই ক্ষতগুলো সাধারণত স্পোর উৎপন্ন করে না।","ফাঙ্গিসাইড প্রয়োগ উত্তরীয় ভুট্টা পাতা ঝলসানো থেকে ক্ষতি কমিয়েছে এবং ফলন রক্ষা করেছে। সংবেদনশীল ভুট্টার হাইব্রিডগুলোতে ফলন রক্ষায় ফাঙ্গিসাইডের মূল্য বেশি। রোগের শুরুতে ফাঙ্গিসাইড প্রয়োগ সবচেয়ে কার্যকর ছিল। রোগ শুরু হওয়ার সময় বিভিন্ন বৃদ্ধি পর্যায়ে পরিবর্তিত হয়, তাই ফাঙ্গিসাইড প্রয়োগের জন্য সেরা সময় নির্ধারণ করা গুরুত্বপূর্ণ।",https://crop-protection-network.s3.amazonaws.com/articles/NLB-Daren-Mueller-02.jpg
11,ভুট্টা : স্বাস্থ্যকর,"ভুট্টা গাছ দিনের বেলা ৭৫ থেকে ৮০ ডিগ্রি ফারেনহাইট এবং রাতে ৬৫ থেকে ৭০ ডিগ্রি ফারেনহাইট তাপমাত্রা পছন্দ করে। মাটি ক্রমাগত আর্দ্র রাখুন, তবে স্যাঁতসেঁতে নয় এবং প্রতি ৬ মাসে একবার সার প্রয়োজন। যদিও ড্রাসিনা কম আলোতে টিকে থাকতে পারে, এটি উজ্জ্বল কিন্তু প্রত্যক্ষ আলোতে সবচেয়ে ভালো কাজ করে। এটি প্রাকৃতিকভাবে কয়েকটি হলুদ পাতা তৈরি করতে পারে, যা নিয়ে চিন্তার কিছু নেই। তবে, যদি একবারে পাঁচ বা ছয়টি হলুদ পাতা দেখা যায়, তাহলে এটি অতিরিক্ত পানি দেওয়ার কারণে হতে পারে বা গাছটি আলো স্বল্পতায় ভুগছে।","ভুট্টার বেশ কিছু স্বাস্থ্য উপকারিতা রয়েছে। এর উচ্চ ফাইবার উপাদান হজমে সহায়তা করে। এটি গুরুত্বপূর্ণ বি ভিটামিন সমৃদ্ধ, যা সামগ্রিক স্বাস্থ্যের জন্য গুরুত্বপূর্ণ। ভুট্টা আমাদের শরীরে প্রয়োজনীয় খনিজ যেমন জিঙ্ক, ম্যাগনেসিয়াম, তামা, লোহা এবং ম্যাঙ্গানিজ সরবরাহ করে।",https://c8.alamy.com/comp/A85TR2/young-healthy-green-leaves-of-corn-maize-plant-in-pretty-unfolding-A85TR2.jpg
12,আঙ্গুর : কালো পচন,"আঙ্গুর কালো পচন একটি ছত্রাকজনিত রোগ যা ascomycetous ছত্রাক Guignardia bidwellii দ্বারা সৃষ্ট। এটি গরম ও আর্দ্র আবহাওয়ায় আঙ্গুর লতা আক্রান্ত করে। আঙ্গুর কালো পচন পূর্ব উত্তর আমেরিকায় উৎপন্ন হয়েছিল, তবে এটি এখন ইউরোপ, দক্ষিণ আমেরিকা এবং এশিয়ার কিছু অংশে পাওয়া যায়। এটি উষ্ণ ও আর্দ্র জলবায়ুতে সম্পূর্ণ ফসল নষ্ট করতে পারে, তবে শুষ্ক গ্রীষ্মের অঞ্চলে এটি প্রায় অজানা। এই রোগের নাম আসে পাতার বাদামী দাগের চারপাশে কালো সীমানা থেকে। রোগটি গাছের অন্যান্য অংশেও আক্রমণ করে, যেমন লতা, পাতা এবং ফলের কান্ড, শুঁয়োপোকা এবং ফল। এর সবচেয়ে ক্ষতিকর প্রভাব পড়ে ফলে।","ম্যানকোজেব BONIDE MANCOZEB FLOWABLE ফাঙ্গিসাইড হিসাবে উপলব্ধ। এটি ৩৭% ম্যানকোজেব ধারণ করে এবং কালো পচন নিয়ন্ত্রণে খুব কার্যকর হওয়া উচিত। নোভা (মাইক্লোবুটানিল) IMMUNOX FUNGICIDE হিসাবে উপলব্ধ। এটি ১.৫৫% মাইক্লোবুটানিল ধারণ করে এবং কালো পচন নিয়ন্ত্রণে কার্যকর হওয়া উচিত।",https://upload.wikimedia.org/wikipedia/commons/thumb/c/cb/Guignardia_bidwellii_08.jpg/330px-Guignardia_bidwellii_08.jpg
13,Grape : Esca | Black Measles,"আঙ্গুরের মিজেলস, যা এসকা, ব্ল্যাক মিজেলস বা স্প্যানিশ মিজেলস নামেও পরিচিত, দীর্ঘদিন ধরে আঙ্গুর চাষীদের মধ্যে সমস্যার সৃষ্টি করে আসছে এর লক্ষণগুলোর অস্পষ্ট অভিব্যক্তি এবং দীর্ঘ সময় ধরে শনাক্তযোগ্য কারণের অভাবের জন্য। 'মিজেলস' নামটি ফলের উপর পাওয়া ত্বকের দাগগুলোর জন্য দেওয়া হয়েছে (ফিগার ১)। মৌসুমের সময়, এই দাগগুলো ত্বকের পৃষ্ঠের উপর একত্রিত হতে পারে, ফলে ফলগুলো কালো দেখায়। ফল সেটের সময় আক্রান্ত ফল সাধারণত পরিপক্ক হয় না এবং শুকিয়ে যায়। পরবর্তী মৌসুমে আক্রান্ত ফল তিক্ত স্বাদের হয়। পাতা লক্ষণগুলোর মধ্যে 'টাইগার স্ট্রাইপ' প্যাটার্ন অন্তর্ভুক্ত (ফিগার ২-নিচের পাতা)। হালকা সংক্রমণ অন্যান্য রোগ বা পুষ্টিগত ঘাটতির সাথে বিভ্রান্ত হতে পারে।","এখন পর্যন্ত এই রোগ নিয়ন্ত্রণের কার্যকর পদ্ধতি নেই। আক্রান্ত ফল, পাতা এবং কাণ্ড অপসারণ করে ধ্বংস করুন। ছত্রাক সংক্রমণ কমানোর জন্য ছাঁটাইয়ের ক্ষতগুলিকে সুরক্ষিত করুন (৫% বোরিক অ্যাসিড এবং এক্রিলিক পেইন্টের মিশ্রণ ব্যবহার করুন)।",https://www.researchgate.net/profile/Laura-Mugnai/publication/43161073/figure/fig1/AS:340404659605512@1458170203496/Symptoms-associated-with-esca-of-grapevine-chlorosis-and-necrosis-on-the-leaves-showing_Q320.jpg
14,Grape : Leaf Blight | Isariopsis Leaf Spot,"ছত্রাকটি একটি বাধ্যতামূলক রোগজীবাণু যা গাছের সবুজ অংশ আক্রমণ করতে পারে।
এই রোগের লক্ষণগুলো প্রায়শই পাউডারি মিলডিউর লক্ষণের সাথে বিভ্রান্ত হয়। সংক্রামিত পাতায় হলুদ-সবুজ দাগ দেখা যায়, যা ধীরে ধীরে বাদামী হয়ে যায়। তীব্র সংক্রমণে পাতা প্রায়ই আগাম ঝরে যায়।
সংক্রামিত ডাঁটা, কাণ্ড এবং অঙ্কুরগুলো ঘুরে যায়, মুচড়ে যায় এবং পরবর্তীতে বাদামী হয়ে মারা যায়।
যুব ফলগুলিতে সংক্রমণের সম্ভাবনা বেশি এবং প্রায়ই ছত্রাকের সাদা ফলনের কাঠামো দ্বারা আবৃত থাকে। সাদা জাতগুলির পুরানো সংক্রামিত ফল ধূসর-সবুজ রঙ ধারণ করতে পারে, যেখানে কালো জাতের ফল গোলাপি-লাল রঙ ধারণ করে।","ডরমেন্ট স্প্রে প্রয়োগ করে ইনোকুলামের মাত্রা কমান।
সংক্রমিত অংশ কেটে ফেলুন।
ছাউনিকে উন্মুক্ত করুন।
নিজেকে সুরক্ষিত রাখুন।
প্রাথমিক পর্যায়ে খুঁজে বের করুন।
প্রতিরক্ষামূলক এবং পদ্ধতিগত ফাংগিসাইড ব্যবহার করুন।
ফাংগিসাইড প্রতিরোধের বিষয়ে সতর্ক থাকুন।
আবহাওয়া নজরদারি করুন।",https://www.goodfruit.com/wp-content/uploads/Black-rot-lesions-on-leaves-indicate-potential-for-fruit-infection-1-feat2.jpg
15,Grape : Healthy,"শুধুমাত্র মূল অঞ্চলে পানি প্রয়োগ করুন। আঙ্গুরের পাতায় পানি লাগানো এড়িয়ে চলুন কারণ এটি অনেক আঙ্গুর রোগকে উত্সাহিত করতে পারে। শরৎকালে তরুণ লতাগুলিকে পানি কম দিন যাতে গাছটি তার কাণ্ড শক্ত করতে পারে এবং শীতের জন্য প্রস্তুত হতে পারে। পুরোনো লতাগুলিকে সাধারণত পানি দেওয়ার প্রয়োজন হয় না যদি না তারা বেলে বা খুব ভালো নিষ্কাশিত মাটিতে থাকে।","পুষ্টিতে পরিপূর্ণ, বিশেষত ভিটামিন সি এবং কে।
উচ্চ অ্যান্টিঅক্সিডেন্ট উপাদানগুলো দীর্ঘস্থায়ী রোগ প্রতিরোধে সহায়ক হতে পারে।
উদ্ভিদ যৌগগুলো নির্দিষ্ট ধরনের ক্যান্সারের বিরুদ্ধে সুরক্ষা দিতে পারে।
হৃদযন্ত্রের স্বাস্থ্যের জন্য বিভিন্ন উপায়ে উপকারী।
রক্তে শর্করার মাত্রা হ্রাস করতে পারে এবং ডায়াবেটিসের বিরুদ্ধে সুরক্ষা দিতে পারে।",https://images.indianexpress.com/2021/02/grapes-1200.jpg
16,Orange : Haunglongbing | Citrus Greening,"সাইট্রাস গ্রিনিং রোগ একটি সাইট্রাসের রোগ যা একটি ভেক্টর-প্রেরিত রোগজীবাণু দ্বারা সৃষ্ট। এই রোগের সাধারণ লক্ষণগুলোর মধ্যে শিরা এবং আশেপাশের টিস্যুর হলুদ হয়ে যাওয়া; পুরো পাতায় ছোপ ছোপ দাগ, অকাল পত্রঝরা, ডালপালার মৃত্যু, শিকড়ের পচন এবং উদ্ভিদের কার্যক্ষমতা হ্রাস অন্তর্ভুক্ত, যা শেষ পর্যন্ত পুরো গাছের মৃত্যুর দিকে নিয়ে যায়। আক্রান্ত গাছগুলো খর্ব বৃদ্ধি পায়, একাধিক অফ-সিজন ফুল ধরে (যার বেশিরভাগই ঝরে যায়), এবং ছোট, অনিয়মিত আকৃতির ফল দেয় যার পুরু, ফ্যাকাশে খোসা থাকে যা নিচের দিকে সবুজ থাকে এবং খুব তিক্ত স্বাদের হয়। সাধারণ লক্ষণগুলো প্রায়ই পুষ্টির ঘাটতির সাথে বিভ্রান্ত হতে পারে; তবে পুষ্টি ঘাটতির মধ্যে একটি সমান্তরাল প্যাটার্ন থাকে, যেখানে এইচএলবি-তে শিরার চারপাশে অসমান হলুদ হয়ে যাওয়া লক্ষ্য করা যায়। সবচেয়ে লক্ষণীয় লক্ষণ হলো ফলের সবুজাভ হওয়া এবং ফল পরিপক্ক হওয়ার পর খর্ব হওয়া।","সাইট্রাস গ্রিনিং রোগের বিস্তার প্রতিরোধের একমাত্র উপায় হলো এশিয়ান সাইট্রাস সাইক্লিড (ACP) নিয়ন্ত্রণ করা। যেহেতু সাইট্রাস একটি জনপ্রিয় এবং ব্যাপকভাবে রোপণকৃত বাগানের গাছ, তাই বাড়ির মালিকরা এই গুরুত্বপূর্ণ যুদ্ধে সামনের সারিতে রয়েছেন। নীম তেলের কীটনাশক দিয়ে লেবুর গাছের উভয় দিকের পাতায় স্প্রে করুন। সংক্রমণের মাত্রার উপর ভিত্তি করে ১০-১৪ দিনের মধ্যে পুনরায় প্রয়োগ করতে হতে পারে। পরে তরল কপার ফাঙ্গিসাইড দিয়ে ছাঁচের বৃদ্ধি দূর করুন।",https://www.universityofcalifornia.edu/sites/default/files/CitrusGreening.jpg
17,Peach : Bacterial Spot,"ব্যাকটেরিয়াল স্পট হল পীচ, নেকটারিন, অ্যাপ্রিকট এবং প্লামের একটি গুরুত্বপূর্ণ রোগ যা Xanthomonas campestris pv. pruni দ্বারা সৃষ্ট। এই রোগের লক্ষণগুলোর মধ্যে ফলের দাগ, পাতার দাগ এবং ডালপালায় ক্যানকার রয়েছে। ফলের লক্ষণগুলোর মধ্যে রয়েছে গর্ত হওয়া, ফাটানো, আঠা বের হওয়া, এবং পানির মতো শুষ্ক টিস্যু, যা ফলকে বাদামী পচন, রাইজোপাস, এবং অন্যান্য ছত্রাকজনিত সংক্রমণের প্রতি আরও সংবেদনশীল করে তুলতে পারে। তীব্র পাতার দাগ সংক্রমণ অকাল পত্রঝরা সৃষ্টি করতে পারে। তীব্র পত্রঝরা ফলের আকার ছোট করে দিতে পারে এবং ফলের তাপদাহ এবং ফাটল সৃষ্টি করতে পারে। অকাল পত্রঝরা গাছের শক্তি এবং শীতকালীন সহনশীলতা হ্রাস করতে পারে।","ব্যাকটেরিয়াল স্পটের ফলের লক্ষণগুলো পীচ স্ক্যাবের সাথে বিভ্রান্ত হতে পারে, যা ছত্রাক Cladosporium carpophyllium দ্বারা সৃষ্ট, তবে স্ক্যাবের দাগগুলি বেশি গোলাকার, গা dark ় বাদামী/সবুজish , মোলায়েম দেখায় এবং ফলের পৃষ্ঠে গর্ত সৃষ্টি করে না, যদিও ত্বকের ফাটল হতে পারে। স্ক্যাব পাতার লক্ষণ সৃষ্টি করে না তবে ডালপালায় দাগ করতে পারে। ব্যাকটেরিয়াল স্পটের প্রাথমিক ফলের দাগগুলি একেবারে অগভীর হতে পারে কিন্তু পরবর্তীতে গহ্বরের মতো গর্তে পরিণত হতে পারে।",https://www.gardeningknowhow.com/wp-content/uploads/2016/07/bacterial-spot-peach.jpg
18,Peach : Healthy,"পীচ গাছগুলি USDA জোন ৫ থেকে ৮ অথবা ৯-এ বৃদ্ধি পায়, এবং তারা ডোয়ার্ফ বা স্ট্যান্ডার্ড আকারে পাওয়া যায়, যা তাদের ব্যাকইয়ার্ড বাগানগুলির জন্য একটি দুর্দান্ত পছন্দ করে তোলে। বেশিরভাগ সজ্জাসম্পন্ন গাছগুলির মতো নয়, পীচ গাছগুলিকে স্বাস্থ্যকর এবং উৎপাদনশীল রাখতে নিয়মিত ছাঁটাই, সার দেওয়া এবং স্প্রে করার প্রয়োজন। গাছের চারপাশের মাটি ঘাস এবং আগাছা মুক্ত রাখুন যা জল এবং পুষ্টির জন্য প্রতিযোগিতা করবে এবং উদ্ভিজ্জ মালচ ব্যবহার করুন।","পুষ্টিতে পরিপূর্ণ এবং অ্যান্টিঅক্সিডেন্টে ভরপুর।
পাচনশক্তিতে সহায়ক হতে পারে।
হৃদযন্ত্রের স্বাস্থ্যের উন্নতি করতে সহায়ক হতে পারে।
ত্বকের সুরক্ষা করতে সহায়ক হতে পারে।
নির্দিষ্ট ধরনের ক্যান্সার প্রতিরোধ করতে সহায়ক হতে পারে।
অ্যালার্জি উপসর্গগুলি কমাতে সহায়ক হতে পারে।
ব্যাপকভাবে পাওয়া যায় এবং আপনার খাদ্যে সহজে যোগ করা যায়।",https://www.tasteofhome.com/wp-content/uploads/2019/06/peaches-shutterstock_297863489-1.jpg
19,Pepper bell : Bacterial Spot,"পাতায় দাগগুলি পুরানো পাতার নিচের পৃষ্ঠে ছোট পিম্পলের মতো এবং পাতার উপরের পৃষ্ঠে ছোট পানি-সোaked দাগ হিসেবে দেখা যায়, যা ব্যাকটেরিয়াল স্পটের একটি লক্ষণ। এটি মেরিল্যান্ডের একটি গুরুত্বপূর্ণ মরিচের রোগ। এটি মাঝে মাঝে টমেটোতে আক্রমণ করে। শেষ পর্যন্ত, দাগগুলির মধ্যে ধূসর থেকে তামার রং এবং গা dark ় সীমানা তৈরি হয়। গরম, আর্দ্র আবহাওয়ায় ক্ষতিগ্রস্ত স্থানগুলো বিস্তার লাভ করে। পাতাগুলি তখন হলুদ হয়ে যায়, তারপর বাদামী হয়ে পড়ে এবং ঝরে যায়। ক্ষতগুলি ডালে (স্টেমে)ও তৈরি হতে পারে। ফলে ছোট, উঁচু রুক্ষ দাগ তৈরি হয় যা খাওয়ার গুণমানকে প্রভাবিত করে না। তীব্রভাবে আক্রান্ত পাতাগুলি ঝরে পড়ে ফলে মরিচে সানস্কাল্ড হতে পারে। ব্যাকটেরিয়াল পাতার দাগ বৃষ্টি বা আর্দ্র, সংক্রামিত গাছপালা নিয়ে কাজ করার মাধ্যমে ছড়িয়ে পড়ে। এই রোগ আর্দ্র আবহাওয়ায় গাছপালা ঝরিয়ে ফেলতে পারে। গরম, শুষ্ক আবহাওয়া এই রোগের বিস্তার ধীর করে দেয়। রোগটি বীজ বা স্থানান্তরিত গাছপালা দিয়ে আসতে পারে এবং শস্যের অবশিষ্টাংশ এবং মাটিতে শীতকাল পার করতে পারে।","প্রতিরোধী জাতগুলি নির্বাচন করুন
বিষমুক্ত বীজ এবং স্থানান্তরিত গাছপালা কিনুন।
বীজগুলো ২ মিনিটের জন্য ১০% ক্লোরিন ব্লিচ দ্রবণে ভিজিয়ে রাখুন (১ ভাগ ব্লিচ; ৯ ভাগ পানি)। বীজগুলো ভালোভাবে ধুয়ে শুকিয়ে নিন তারপর রোপণ করুন।
গাছপালাগুলিকে গভীরভাবে মালচ করুন একটি ঘন জৈব পদার্থের মাধ্যমে, যেমন খবরের কাগজ যা খড় বা ঘাসের টুকরোর সাথে ঢাকা।
ওভারহেডে পানি দেওয়া এড়িয়ে চলুন।
মৌসুম শেষে মারাত্মকভাবে আক্রান্ত গাছের অংশ এবং সমস্ত ময়লা বাদ দিন।
প্রতি ১০-১৪ দিন পর পর স্থির তামা (জৈব ছত্রাকনাশক) স্প্রে করুন সংক্রমণের বিস্তার ধীর করতে।
যদি সংক্রমণ গুরুতর হয় তবে মরিচ গাছপালা অন্য স্থানে রোপণ করুন এবং রোপণের আগে মাটি ব্ল্যাক প্লাস্টিক মালচ বা ব্ল্যাক ল্যান্ডস্কেপ ফ্যাব্রিক দিয়ে ঢেকে দিন।",https://extension.umd.edu/sites/default/files/_images/programs/grow_it_eat_it/diseases/BacterialLeafSpot/bacterial_leaf_spot_pepper_plant_l.jpg
20,বেল পিপার : সুস্থ,"বেল পিপারগুলো ভালোভাবে সেচ দিন, তবে কখনই মাটি ভিজে স্যাঁত-s্যাঁত হয়ে যেতে দেবেন না। মাটি প্রায় ৬ ইঞ্চি গভীর পর্যন্ত সিক্ত করুন, তারপর একটু শুকাতে দিন। বিশেষ করে ফলের সময়, যখন ছোট পিপার ফুলের জায়গায় আসে এবং বেলগুলো পরিণত হয়, তখন সেচ খুব গুরুত্বপূর্ণ। নিয়মিত পানি দেওয়ার কারণে পিপারগুলো মজবুত ও সুস্থ থাকে।","লাল, কমলা, ও হলুদ বেল পিপারগুলো খুব উপকারী। এগুলো ভিটামিন, খনিজ, ও ফাইবারে পূর্ণ এবং ক্যালোরিতে কম! এগুলো ভিটামিন এ, ভিটামিন সি, ও পটাসিয়ামের দারুণ উৎস। বেল পিপারগুলো আরও ফোলেট ও আয়রনের ভাল উৎস।",https://www.healthbenefitstimes.com/9/gallery/bell-peppers/Bell-pepper-leaves.jpg
21,আলু : আর্লি ব্লাইট,"প্রথমে পুরানো (নিচের) পাতায় ছোট, গোলাকার বা অস্থির বাদামী বা কালো দাগ দেখা দেয়। দাগগুলি ধীরে ধীরে বড় হয় এবং কোণাকৃতির হয়ে যেতে পারে। আর্দ্র আবহাওয়ায় ব্লাইট দ্রুত ছড়ায়। প্রাথমিক ব্লাইটের চিকিৎসা হিসেবে আলু রোপণের সময় রোগ প্রতিরোধী জাত ব্যবহার করা উচিত। এছাড়া, গাছের মধ্যে যথেষ্ট বাতাস চলাচল নিশ্চিত করতে হবে যাতে পাতা তাড়াতাড়ি শুকিয়ে যায়।",প্রাথমিক ব্লাইটের প্রতিরোধের জন্য আলু জাত নির্বাচন করুন যেগুলো এই রোগের বিরুদ্ধে প্রতিরোধী। সেচের সময় উপরের পানি এড়িয়ে চলুন এবং গাছের মাঝখানে বাতাস চলাচল করতে দিন যাতে পাতাগুলো দ্রুত শুকায়।,https://www.ag.ndsu.edu/publications/crops/early-blight-in-potato/figure-1-opt.jpeg/@@images/468990cc-77a9-4e29-8779-0eb3e94e0407.jpeg
22,আলু : লেট ব্লাইট,"আলু ছাড়া পেটুনিয়া, টমেটো, ও হ্যারি নাইটশেডও এই রোগে আক্রান্ত হতে পারে। প্রথমে ছোট, হালকা সবুজ বা গা dark ় দাগ নিচের পাতায় দেখা দেয়, যা দ্রুত বড় হয় এবং বাদামী বা কালো হয়ে যায়। ঠান্ডা ও আর্দ্র আবহাওয়ায় এই রোগ দ্রুত ছড়ায়।",গম্ভীর দেরী ব্লাইট প্রতিরোধে ম্যানকোজেব স্প্রে করুন। রোগের শুরুতে ম্যানকোজেব 0.25% স্প্রে করুন এবং এক সপ্তাহ পরে আরও স্প্রে করুন।,https://www.ag.ndsu.edu/publications/crops/late-blight-in-potato/figure-2-opt.jpeg/@@images/dfe1e0b4-08d4-404a-8e66-474de72b1e91.jpeg
23,আলু : সুস্থ,"অনেক আলু গাছের জন্য নিয়মিত আর্দ্রতার প্রয়োজন হয়। তাই যখন আলুর গাছের মূল তৈরি হয়, তখন প্রতিদিন পানি দিন। আলু গাছগুলোর পানি এমনভাবে দিতে হবে যাতে মাটি ৮-১০ ইঞ্চি গভীর পর্যন্ত ভিজে যায়। গরম বা উষ্ণ আবহাওয়ায় মাটির দ্রুত শুকিয়ে যাওয়ার কারণে দিনে দুইবার প্রচুর পরিমাণে পানি দিন।","পুষ্টিতে পূর্ণ। অ্যান্টিঅক্সিডেন্টে ভরপুর। আলুতে ফ্ল্যাভোনয়েড, ক্যারোটিনয়েড ও ফেনলিক অ্যাসিডের মতো যৌগ থাকে। রক্তে শর্করা নিয়ন্ত্রণের ক্ষেত্রে সাহায্য করতে পারে। হজম ব্যবস্থা উন্নত করতে সাহায্য করে। প্রাকৃতিকভাবে গ্লুটেন-মুক্ত। খুব পরিপূর্ণ। অত্যন্ত বহুমুখী।",https://www.garden.eco/wp-content/uploads/2018/06/can-you-eat-potato-leaves.jpg
24,রাসপবেরি : সুস্থ,"বসন্ত থেকে কাটার পর পর্যন্ত প্রতি সপ্তাহে এক ইঞ্চি পানি দিন। নিয়মিত সেচ বিরতিতে গভীরভাবে সেচ দেওয়ার চেয়ে ভালো। রাসপবেরি গাছগুলোর আশপাশে যেসব 'সাকার' বা ক্যান থাকে, সেগুলো তুলে ফেলুন, না হলে তারা পুষ্টি শোষণ করবে এবং আগামী বছর কম বেরি হবে।","রাসপবেরি উচ্চ রক্তচাপ কমাতে সহায়তা করে। এতে থাকা ওমেগা-৩ ফ্যাটি অ্যাসিড স্ট্রোক ও হৃদরোগ প্রতিরোধ করতে সাহায্য করে। রাসপবেরিতে ম্যানগানিজ নামে এক খনিজ থাকে যা হাড় ও ত্বকের জন্য উপকারী এবং রক্তে শর্করা নিয়ন্ত্রণ করতে সহায়তা করে।",https://www.gardeningknowhow.com/wp-content/uploads/2009/04/raspberry.jpg
25,সয়াবিন : সুস্থ,"সয়াবিন মাটির নিচে উঠে আসা পর্যন্ত বীজবপন করে মাটি আর্দ্র রাখুন। ফুল ফোটার সময় এবং ফলা গঠনকালে নিয়মিত সেচ দিন। উপরের পানি থেকে বিরত থাকুন, যা ফুল ও ফল পড়তে পারে। মাটি ৬০°F (১৬°C) এর বেশি তাপমাত্রায় পৌঁছালে মালচ প্রয়োগ করুন যাতে মাটির আর্দ্রতা ধরে রাখা যায়।","ফাইবারে উচ্চ
প্রোটিনে উচ্চ
স্যাচুরেটেড ফ্যাটে কম
কলেস্টেরল মুক্ত
ল্যাকটোজ মুক্ত
ওমেগা-৩ ফ্যাটি অ্যাসিডের ভালো উৎস
অ্যান্টিঅক্সিডেন্টে ভরপুর
ফাইটোস্ট্রোজেনে উচ্চ।",https://upload.wikimedia.org/wikipedia/commons/a/ac/Soybean_leaves.jpg
26,Squash : Powdery Mildew,"সাদা গুঁড়ো দাগ উভয় পাতার উপরের এবং নিচের পৃষ্ঠে তৈরি হতে পারে, এবং দ্রুত বড় দাগে পরিণত হতে পারে।
পাউডারি মিলডিউ গাছটি দুর্বল করে দেয় এবং ফলে অকাল ফলন হয়। আক্রান্ত গাছপালায় কম এবং ছোট ফল ফলায়।
গরম, শুষ্ক অবস্থায়, নতুন স্পোর তৈরি হয় এবং সহজেই রোগটি ছড়িয়ে পড়ে।
পাউডারি মিলডিউয়ের লক্ষণগুলি মিনেসোটাতে গ্রীষ্মের মাঝামাঝি থেকে শেষের দিকে প্রথম দেখা দেয়।
গাছপালার চারপাশে সঠিকভাবে স্থান দেওয়া, গাছপালার স্টেকিং এবং আগাছা নিয়ন্ত্রণের মাধ্যমে ভালো বায়ু চলাচল নিশ্চিত করুন।
যদি সংবেদনশীল জাতগুলি এমন একটি এলাকায় বৃদ্ধি পায় যেখানে পূর্বে পাউডারি মিলডিউয়ের কারণে ফলন হ্রাস পেয়েছিল, তবে ছত্রাকনাশক প্রয়োগ করা প্রয়োজন হতে পারে।","এক টেবিল চামচ বেকিং সোডা এবং আধা চা চামচ তরল, নন-ডিটারজেন্ট সাবান এক গ্যালন পানির সাথে মিশিয়ে গাছগুলির উপর প্রচুর পরিমাণে স্প্রে করুন। মাউথওয়াশ। আপনি যেই মাউথওয়াশ প্রতিদিন ব্যবহার করেন মুখের জীবাণু মেরে ফেলার জন্য, তা পাউডারি মিলডিউ স্পোর মেরে ফেলতেও কার্যকর হতে পারে।",https://extension.umn.edu/sites/extension.umn.edu/files/styles/caption_medium/public/powdery-mildew-2.jpg?itok=Un68av52
27,স্ট্রবেরি : পাতা পোড়া,"পাতা পোড়ার লক্ষণ সাধারণ (মাইকোসফেরেলা) পাতার দাগের প্রাথমিক পর্যায়ের মতোই, যেখানে উপরের পৃষ্ঠে অনিয়মিত গাঢ় বেগুনি দাগ ছড়িয়ে থাকে। দাগগুলো বড় হওয়ার সঙ্গে সঙ্গে তারা টারের ফোঁটার মতো দেখাতে শুরু করে এবং আসলে এটি ছত্রাকের কালো ফলধারী অংশ (অ্যাসারভুলি) জমা হয়। দাগের কেন্দ্রগুলো বেগুনি থাকে (মাইকোসফেরেলা পাতার দাগে তারা সাদা হয়) এবং সেখানে কোনো সুনির্দিষ্ট দাগের সীমানা থাকে না। ভারী সংক্রমণের ক্ষেত্রে, এই অঞ্চলগুলো একত্রিত হয় এবং দাগগুলোর মধ্যে টিস্যু প্রায়শই একটি বেগুনি থেকে উজ্জ্বল লাল রঙ ধারণ করে যা প্রজাতি, তাপমাত্রা বা অন্যান্য কারণের উপর নির্ভর করে। শেষ পর্যন্ত পাতা বাদামী হয়ে যায়, শুকিয়ে যায় এবং প্রান্তে কুঁচকে একটি পোড়া চেহারা দেয়। অ্যাসারভুলি এবং কনিডিয়ালের আকৃতি পরীক্ষা করলে এই রোগের উন্নত পর্যায়ে পাতার দাগ এবং পাতার পোড়ার মধ্যে পার্থক্য করা যায়। পাতার পোড়ার দাগের উপরের পৃষ্ঠে অ্যাসারভুলি কালো হয় এবং উজ্জ্বল স্পোরের ভর থাকে। পেটিওলের দাগগুলো লম্বাটে, ডুবে যাওয়া এবং বেগুনি থেকে বাদামী রঙের হয় এবং পেটিওলকে ঘিরে পাতা মেরে ফেলতে পারে। রানার, ফলের ডাঁটা, ফল এবং টুপি সংক্রমিত হতে পারে। গাছগুলো দুর্বল হয়ে পড়তে পারে এবং মুকুটের সংখ্যা ও বল কমে যেতে পারে। সংক্রমণ গাছগুলোকে শীত এবং খরা স্ট্রেসে প্রভাবিত করে। গুরুতর সংক্রমণের ক্ষেত্রে, ফুল এবং ফল মারা যেতে পারে।","যদিও স্ট্রবেরি গাছের পাতার পোড়া হতাশাজনক হতে পারে, কিছু কৌশল আছে যা গার্ডেনাররা এর বিস্তার রোধ করতে ব্যবহার করতে পারেন। স্ট্রবেরি পাতার পোড়া নিয়ন্ত্রণের প্রধান উপায় হওয়া উচিত প্রতিরোধ। যেহেতু এই ছত্রাকজনিত রোগটি সংক্রমিত গাছের পড়ে থাকা পাতা থেকে শীতকালেও টিকে থাকে, তাই সঠিক বাগান পরিচ্ছন্নতা খুবই গুরুত্বপূর্ণ। এর মধ্যে রয়েছে স্ট্রবেরি ক্ষেত থেকে সংক্রমিত বাগানের আবর্জনা অপসারণ, পাশাপাশি নতুন স্ট্রবেরি গাছ লাগানো। নতুন রোপণ এবং স্ট্রবেরি ক্ষেত তৈরি করা একটি ধারাবাহিক স্ট্রবেরি ফলন বজায় রাখতে গুরুত্বপূর্ণ, কারণ পুরোনো গাছগুলোতে গুরুতর সংক্রমণের লক্ষণ দেখা দিতে পারে।",https://content.ces.ncsu.edu/media/images/17531_IMG_2126.JPG
28,স্ট্রবেরি : স্বাস্থ্যকর,"তাদের জন্য একটি রোদ্রোজ্জ্বল স্থান খুঁজুন কারণ তারা প্রচুর আলো ভালোবাসে এবং প্রয়োজন। আমি এমন একটি স্থান পছন্দ করি যেখানে তারা সকালের রোদ পায়।
যদি আপনি তাদের পাত্রে এবং/অথবা অন্যান্য কন্টেইনারে রাখেন, তবে দিনের পরিবর্তনশীল সূর্যালোকের সুবিধা নিতে তাদের সরানো ভালো।
তারা খুব তৃষ্ণার্ত গাছ। প্রতিদিন তাদের পানি দিন, বিশেষ করে যদি তারা ফল উৎপাদন করে। এটি সকালে করা ভালো এবং রোগ প্রতিরোধের জন্য পাতাগুলো ভিজানো এড়িয়ে চলুন।
তাদের চরম আবহাওয়ার অবস্থা এবং বাতাস থেকে রক্ষা করুন। দয়া করে মনে রাখবেন, তারা সূর্যালোক পছন্দ করে, তবে সরাসরি দুপুরের সূর্যের সংস্পর্শ ক্ষতিকর হতে পারে।
পাত্রগুলোতে ভাল ড্রেনেজ আছে কিনা তা পরীক্ষা করুন।
আগাছা এবং অবাঞ্ছিত গাছ নিয়ন্ত্রণে রাখুন।
তাদের সার প্রয়োগ করতে হবে কারণ তারা স্ট্রবেরি উৎপাদনের জন্য অনেক শক্তি প্রয়োজন। একটি ব্যালান্সড ফার্টিলাইজার (১০-১০-১০, ১২-১২-১২, ইত্যাদি) কিনুন। নির্দেশাবলী অনুসরণ করুন কারণ খুব বেশি সার ফলন কমাতে পারে এবং এটি রানার উৎপাদনকে উদ্দীপিত করতে পারে।","স্ট্রবেরির হৃদয়-আকৃতির সিলুয়েটটি প্রথম ইঙ্গিত দেয় যে এই ফলটি আপনার জন্য কতটা উপকারী। এই শক্তিশালী ছোট প্যাকেজগুলো আপনার হৃদয়কে রক্ষা করে, HDL (ভাল) কোলেস্টেরল বাড়ায়, রক্তচাপ কমায় এবং ক্যান্সারের বিরুদ্ধে প্রতিরোধ করে।

ভিটামিন, ফাইবার এবং বিশেষ করে পলিফেনল নামে পরিচিত অ্যান্টিঅক্সিডেন্টের উচ্চ মাত্রায় ভরপুর, স্ট্রবেরি একটি সোডিয়াম-মুক্ত, ফ্যাট-মুক্ত, কোলেস্টেরল-মুক্ত, এবং কম-ক্যালোরি খাবার। অ্যান্টিঅক্সিডেন্ট ক্ষমতায় এটি শীর্ষ ২০টি ফলের মধ্যে রয়েছে এবং এটি ম্যাঙ্গানিজ এবং পটাসিয়ামের একটি ভালো উৎস। মাত্র একটি পরিবেশন -- প্রায় আটটি স্ট্রবেরি -- একটি কমলালেবুর চেয়ে বেশি ভিটামিন সি সরবরাহ করে।",https://www.canr.msu.edu/uploads/images/7-12-11-MARK-plhstrw4.jpg
29,টমেটো : ব্যাকটেরিয়াল স্পট,"টমেটোর ব্যাকটেরিয়াল স্পট একটি সম্ভাব্য বিধ্বংসী রোগ যা গুরুতর ক্ষেত্রে বাজারজাতযোগ্য ফলের অনুপযুক্ততা এবং এমনকি গাছের মৃত্যুর কারণ হতে পারে। ব্যাকটেরিয়াল স্পট যেকোনো জায়গায় হতে পারে যেখানে টমেটো চাষ হয়, তবে এটি উষ্ণ এবং স্যাঁতসেঁতে জলবায়ুতে, পাশাপাশি গ্রীনহাউসে, বেশি দেখা যায়। এই রোগটি প্রায়শই উইসকনসিনে একটি সমস্যা। ব্যাকটেরিয়াল স্পট একটি টমেটো গাছের সমস্ত উপরের অংশকে প্রভাবিত করতে পারে, যার মধ্যে রয়েছে পাতা, কান্ড এবং ফল। পাতায় ব্যাকটেরিয়াল স্পট ছোট (১/৪ ইঞ্চির চেয়ে কম), কখনও কখনও পানিতে ভেজা (অর্থাৎ ভেজা দেখায়) গোলাকার দাগের মতো দেখা যায়। দাগগুলো প্রাথমিকভাবে হলুদ-সবুজ হতে পারে, তবে বয়সের সাথে এটি বাদামী-লাল হয়ে যায়। রোগটি গুরুতর হলে ব্যাপক পাতা হলুদ হওয়া এবং পাতা ঝরে যাওয়া ঘটতে পারে। সবুজ ফলে, দাগগুলো সাধারণত ছোট, উঁচু এবং ফোসকা সদৃশ হয় এবং এতে হলুদ আভা থাকতে পারে। ফল পরিপক্ক হলে, দাগগুলো বড় হয় (সর্বোচ্চ আকার ১/২ ইঞ্চি) এবং বাদামী, খসখসে এবং রুক্ষ হয়ে যায়। পরিপক্ক দাগগুলো উঁচু বা উঁচু প্রান্ত সহ ডুবে যেতে পারে।","ব্যাকটেরিয়াল স্পট প্যাথোজেন থেকে রক্ষা পেতে সংক্রমিত বীজ বা চারা থেকে প্যাথোজেন-ফ্রি বীজ বা চারা রোপণ করুন। যদি পরিষ্কার বীজের উৎস না থাকে বা আপনার সন্দেহ হয় যে আপনার বীজ দূষিত, তবে প্যাথোজেন ধ্বংস করতে বীজগুলোকে ১২২°F পানিতে ২৫ মিনিট ভিজিয়ে রাখুন। পাতা শুকনো রাখতে এবং প্যাথোজেন ছড়ানো বন্ধ করতে প্রতিষ্ঠিত গাছগুলোতে ওভারহেড সেচ (যেমন ওয়ান্ড বা স্প্রিঙ্কলার) এড়িয়ে চলুন এবং এর পরিবর্তে ড্রিপ-টেপ বা সকার-হোস ব্যবহার করুন। এছাড়াও ছড়ানো বন্ধ করতে, ভেজা অবস্থায় গাছ স্পর্শ করবেন না (যেমন শিশির থেকে) এবং নিয়মিত টুলগুলো ১০% ব্লিচ সলিউশন বা (ভাল) ৭০% অ্যালকোহল (যেমন রাবিং অ্যালকোহল) দিয়ে জীবাণুমুক্ত করুন। যেখানে ব্যাকটেরিয়াল স্পট একটি পুনরাবৃত্ত সমস্যায় পরিণত হয়েছে, বিশেষত উষ্ণ এবং স্যাঁতসেঁতে সময়ে টমেটোতে নিবন্ধিত কপার-ভিত্তিক পণ্যগুলোর প্রতিরোধমূলক ব্যবহার বিবেচনা করুন। তবে মনে রাখবেন, যদি অতিরিক্ত বা দীর্ঘ সময়ের জন্য ব্যবহার করা হয়, তাহলে কপার আর রোগ নিয়ন্ত্রণ করতে সক্ষম নাও হতে পারে। আপনি যে পণ্যটি বেছে নেন তার লেবেলের সমস্ত নির্দেশাবলী পড়তে এবং অনুসরণ করতে নিশ্চিত হন যাতে আপনি এটি সবচেয়ে নিরাপদ এবং কার্যকর উপায়ে ব্যবহার করতে পারেন।",https://www.growingproduce.com/wp-content/uploads/2019/08/bacterial_spot_tomato.jpg
30,টমেটো : আর্লি ব্লাইট,"আর্লি ব্লাইট টমেটোর সবচেয়ে সাধারণ রোগগুলির মধ্যে একটি, যা প্রায় প্রতি মৌসুমেই ঘটে যেখানে টমেটো চাষ হয়। এটি পাতা, ফল এবং কান্ডে আক্রমণ করে এবং সংবেদনশীল জাত ব্যবহার করা হলে এবং আবহাওয়া অনুকূল থাকলে ফলনের উপর গুরুতর প্রভাব ফেলতে পারে। তীব্র পাতা ঝরে যাওয়ার কারণে ফলের উপর সূর্যালোকজনিত দাগ দেখা দিতে পারে। আর্লি ব্লাইট মিনেসোটা সহ ফিল্ড এবং হাই টানেল উভয় ধরণের টমেটো উৎপাদনে সাধারণ।","গাছ ছাঁটাই বা খুঁটির সাহায্যে গাছকে স্থাপন করুন যাতে বাতাস চলাচল ভালো হয় এবং ফাঙ্গাল সমস্যাগুলি কমে যায়। প্রতিটি কাটার পরে আপনার ছাঁটাই সরঞ্জাম (১ অংশ ব্লিচ এবং ৪ অংশ পানির মিশ্রণ) জীবাণুমুক্ত করুন। গাছের নীচে মাটি পরিষ্কার এবং উদ্যানের আবর্জনামুক্ত রাখুন। স্পোরগুলোকে গাছের উপরে ছড়িয়ে পড়া থেকে রোধ করতে জৈব কম্পোস্টের একটি স্তর যোগ করুন। ড্রিপ সেচ এবং সকার হোস ব্যবহার করে পাতাগুলো শুকনো রাখার চেষ্টা করুন। সর্বোত্তম নিয়ন্ত্রণের জন্য, রোগ সাধারণত দেখা দেওয়ার দুই সপ্তাহ আগে বা যখন আবহাওয়ার পূর্বাভাসে দীর্ঘ সময় ধরে স্যাঁতসেঁতে আবহাওয়ার সম্ভাবনা থাকে তখন কপার-ভিত্তিক ফাঙ্গিসাইড প্রয়োগ করুন। বিকল্পভাবে, রোগ প্রথম দেখা দিলে চিকিৎসা শুরু করুন এবং প্রয়োজন অনুযায়ী প্রতি ৭-১০ দিনে পুনরাবৃত্তি করুন। কপার এবং পাইরিথ্রিন সমন্বিত, বোনাইড® গার্ডেন ডাস্ট অনেক পোকামাকড়ের আক্রমণ এবং ফাঙ্গাল সমস্যার জন্য একটি নিরাপদ, এক ধাপের নিয়ন্ত্রণ ব্যবস্থা। সর্বোত্তম ফলাফলের জন্য পাতার উপরের এবং নিচের অংশে একটি পাতলা অভিন্ন স্তর বা ধুলো প্রয়োগ করুন। পাতার ঘনত্বের উপর নির্ভর করে, ১০ আউন্স ৬২৫ বর্গফুট আচ্ছাদিত করতে পারে। প্রয়োজন অনুযায়ী প্রতি ৭-১০ দিনে পুনরায় প্রয়োগ করুন।",https://extension.umn.edu/sites/extension.umn.edu/files/styles/large/public/early-blight-leaf-tomato.jpg?itok=woYQQlrF
31,টমেটো : লেট ব্লাইট,"লেট ব্লাইট রোগটি *Phytophthora infestans* নামক এক ধরনের ছত্রাকের কারণে হয়। এই ছত্রাকগুলো পানির মোল্ডের মতো দেখতে, তবে এগুলো আসল ফাঙ্গাস নয়। এই ছত্রাকের অনেক ধরন আছে, যেগুলোকে ক্লোনাল লাইনেজ বলা হয় এবং একটি নির্দিষ্ট কোড দ্বারা চিহ্নিত করা হয় (যেমন US-23)। অনেক ধরণের ক্লোনাল লাইনেজ টমেটো ও আলু উভয়কেই আক্রান্ত করতে পারে, কিন্তু কিছু লাইনেজ শুধু একটি গাছকেই আক্রান্ত করে। লেট ব্লাইট টমেটো ও আলু গাছের পাতা, ডাল এবং ফলগুলোকে আক্রান্ত করে। রোগটি দ্রুত ছড়িয়ে পড়ে এবং চিকিৎসা না করলে পুরো ফসল নষ্ট হয়ে যেতে পারে। আলুর লেট ব্লাইট রোগটি ১৮৪০ সালে আইরিশ আলু দুর্ভিক্ষের জন্য দায়ী ছিল।","টমেটো লেট ব্লাইট নিয়ন্ত্রণে স্যানিটেশন প্রথম পদক্ষেপ। বাগানের সমস্ত আবর্জনা এবং পড়ে থাকা ফল পরিষ্কার করুন। এটি বিশেষভাবে গুরুত্বপূর্ণ উষ্ণ এলাকায়, যেখানে শীতকালে তাপমাত্রা শূন্যের নিচে যাওয়ার সম্ভাবনা কম এবং লেট ব্লাইট টমেটো রোগ শীতকালে পড়ে থাকা ফলের মধ্যে থাকতে পারে। বর্তমানে, লেট টমেটো ব্লাইটের বিরুদ্ধে প্রতিরোধী কোন টমেটো জাত নেই, তাই গাছগুলোকে অন্তত দুইবার সপ্তাহে পরিদর্শন করতে হবে। যেহেতু লেট ব্লাইটের লক্ষণগুলো আর্দ্র অবস্থায় বেশি হয়, তাই সেসব সময়ে বিশেষ সতর্কতা নেওয়া উচিত। গৃহস্থ বাগানির জন্য, মেনেব, ম্যানকোজেব, ক্লোরোথ্যালোনিল অথবা ফিক্সড কপার সম্বলিত ফাঙ্গিসাইডগুলি গাছগুলোকে লেট টমেটো ব্লাইট থেকে রক্ষা করতে সাহায্য করতে পারে। রোগটি যে কোনো সময় আঘাত করতে পারে, তাই সারা গ্রীষ্মকাল ধরে চিকিৎসা করতে হবে। জৈব বাগানিদের জন্য, কিছু ফিক্সড কপার পণ্য অনুমোদিত, অন্যথায় সমস্ত সংক্রামিত গাছ অবিলম্বে অপসারণ ও ধ্বংস করতে হবে।","https://www.canr.msu.edu/contentAsset/image/e97d1ef0-5b55-49b0-ab4e-c57dcbeca65e/fileAsset/filter/Resize,Jpeg/resize_w/750/jpeg_q/80"
32,টমেটো : পাতার মোল্ড,"টমেটো পাতার মোল্ড একটি ছত্রাকজনিত রোগ যা পাতার আর্দ্রতা দীর্ঘ সময় ধরে থাকার এবং আপেক্ষিক আর্দ্রতা বেশি (৮৫ শতাংশের বেশি) হলে বিকাশ ঘটে। এই আর্দ্রতার প্রয়োজনীয়তার কারণে, রোগটি প্রধানত হোপহাউস এবং গ্রীনহাউসে দেখা যায়। টমেটো পাতার মোল্ড প্রাথমিক বসন্তের তাপমাত্রা (৫০.৯ ডিগ্রি ফারেনহাইট) বা গ্রীষ্মকালীন তাপমাত্রায় (৯০ ডিগ্রি ফারেনহাইট) বিকশিত হতে পারে। টমেটো পাতার মোল্ডের জন্য আদর্শ তাপমাত্রা কম ৭০ ডিগ্রি ফারেনহাইটের মধ্যে।

রোগের লক্ষণগুলি হল পাতা উপরের পৃষ্ঠে হলুদ দাগ। আক্রান্ত পাতার নিচে জলপাই সবুজ রঙের ছত্রাকের কণা দেখতে পাওয়া যায়।","টমেটো গাছগুলোকে ফাঙ্গিসাইড দিয়ে চিকিৎসা করার সময়, গাছের সমস্ত অংশ যা মাটির উপরে থাকে, বিশেষ করে পাতা নিচের অংশে ফাঙ্গিসাইড ছিটিয়ে দিন, যেখানে রোগটি প্রায়শই তৈরি হয়। পাতার মোল্ড সমস্যার জন্য ক্যালসিয়াম ক্লোরাইড ভিত্তিক স্প্রে ব্যবহার করা সুপারিশ করা হয়। জৈব ফাঙ্গিসাইড বিকল্পও পাওয়া যায়।",https://www.gardeningknowhow.com/wp-content/uploads/2018/04/tomato-leaf-mold-400x300.jpg
33,টমেটো : সেপটোরিয়া পাতার দাগ,"সেপটোরিয়া পাতার দাগ একটি ছত্রাক দ্বারা সৃষ্ট রোগ, যার নাম সেপটোরিয়া লাইকোপারসিসি। এটি টমেটোর পাতার সবচেয়ে বিধ্বংসী রোগগুলির মধ্যে একটি এবং বিশেষত এমন এলাকায় গুরুতর হয় যেখানে দীর্ঘ সময় ধরে আর্দ্র, স্যাঁতসেঁতে আবহাওয়া বিরাজ করে। সেপটোরিয়া পাতার দাগ সাধারণত প্রথম ফল ধরার পরে নিম্ন পাতায় দেখা দেয়। দাগগুলি বৃত্তাকার, প্রায় ১/১৬ থেকে ১/৪ ইঞ্চি ব্যাসের, গা dark ় বাদামী সীমানা এবং ট্যান থেকে ধূসর কেন্দ্রের সাথে ছোট কালো ফলন গঠন থাকে। বিশেষভাবে, প্রতিটি পাতায় অনেক দাগ থাকে। এই রোগটি সবচেয়ে পুরনো থেকে সবচেয়ে নতুন বৃদ্ধি পর্যন্ত উপরে দিকে ছড়িয়ে পড়ে। যদি পাতার ক্ষতি অনেক হয়, তবে পাতা সামান্য হলুদ হয়ে যায়, তারপর বাদামী হয়, এবং পরে শুকিয়ে যায়। ফলের সংক্রমণ খুব বিরল।","অসুস্থ পাতা সরিয়ে ফেলুন।
গাছের চারপাশে বায়ু চলাচল উন্নত করুন।
গাছের নিচে মালচ প্রয়োগ করুন। মালচ প্রয়োগে মাটির ছিটানো কমে যাবে, যা ছত্রাকের কণা ধারণ করতে পারে যা আবর্জনার সাথে সংযুক্ত থাকে। মাটির উষ্ণ হওয়ার পর মালচ প্রয়োগ করুন।
ওভারহেড সেচ ব্যবহার করবেন না। ওভারহেড সেচ সংক্রমণ তৈরি করে এবং রোগটি ছড়িয়ে দেয়। গাছের নিচে সোকার হোস ব্যবহার করুন, যাতে পাতাগুলি শুকনো থাকে। দিনের প্রথম দিকে পানি দিন।
আগাছা নিয়ন্ত্রণ করুন। নাইটশেড এবং হর্সনেটল প্রায়শই সেপটোরিয়া পাতার দাগের হোস্ট এবং এগুলি বাগান সাইটের চারপাশে নির্মূল করা উচিত।
ক্রপ রোটেশন ব্যবহার করুন। পরবর্তী বছর টমেটো গাছগুলি সেই একই স্থানে রোপণ করবেন না যেখানে অসুস্থ টমেটো গাছগুলো বৃদ্ধি পেয়েছে। এই এলাকাগুলিতে টমেটো গাছ পুনরায় রোপণ করতে ১-২ বছর অপেক্ষা করুন।
ফাঙ্গিসাইড স্প্রে ব্যবহার করুন।",https://www.missouribotanicalgarden.org/portals/0/Gardening/Gardening%20Help/images/Pests/Septoria_Leaf_Spot_of_Tomato187.jpg
34,টমেটো : মাকড়সার মাইট | দুই-দাগি মাকড়সার মাইট,"দুই-দাগি মাকড়সার মাইট হল সবচেয়ে সাধারণ মাইট প্রজাতি যা নিউ ইংল্যান্ডে শাক-সবজি এবং ফলের ফসল আক্রমণ করে। মাকড়সার মাইটগুলি টমেটো, বেগুন, আলু, তরমুজ, শসা এবং অন্যান্য ফসলের লতা জাতীয় ফসলগুলিতে ঘটে। দুই-দাগি মাকড়সার মাইট বেগুনের সবচেয়ে গুরুত্বপূর্ণ পোকামাকড়ের একটি। এগুলির বছরে ২০টি পর্যন্ত প্রজন্ম হয় এবং অতিরিক্ত নাইট্রোজেন এবং শুষ্ক ও ধূলিময় পরিস্থিতি দ্বারা সুষ্টভাবে বাড়ে। প্রায়শই বিস্তৃত-স্পেকট্রাম কীটনাশক ব্যবহার করা হলে মাইট জনসংখ্যা নিয়ন্ত্রণে সহায়ক অনেক প্রাকৃতিক শত্রুর মধ্যে হস্তক্ষেপ ঘটে, যার ফলে প্রাদুর্ভাব হয়। বেশিরভাগ পোকামাকড়ের মতো, সমস্যা তাড়াতাড়ি ধরলে নিয়ন্ত্রণ করা সহজ হবে।","আগাছাযুক্ত ক্ষেতগুলো এড়িয়ে চলুন এবং বেগুনকে লেগিউম ফরেজ ফসলের পাশে রোপণ করবেন না।
অন্যান্য পোকামাকড়ের জন্য প্রাথমিক ঋতুতে বিস্তৃত-স্পেকট্রাম কীটনাশক ব্যবহার এড়িয়ে চলুন।
অতিরিক্ত সার ব্যবহার করবেন না।
ওভারহেড সেচ বা দীর্ঘকাল বৃষ্টিপাত মাইট জনসংখ্যা কমাতে সহায়ক হতে পারে।",https://entomology.ca.uky.edu/files/styles/panopoly_image_original/public/310a.jpg?itok=XNlP0H9H
35,টমেটো : টার্গেট স্পট,"রোগটি পুরানো পাতাগুলিতে শুরু হয় এবং উপরের দিকে ছড়িয়ে পড়ে। প্রথম লক্ষণ হল অসম আকারের দাগ (১ মিমি এর কম) যার চারপাশে হলুদ রঙের সীমা থাকে। কিছু দাগ ১০ মিমি পর্যন্ত বাড়ে এবং রিং এর মতো বৈশিষ্ট্য প্রদর্শন করে, যার ফলে এই রোগটির নাম 'টার্গেট স্পট' রাখা হয়। দাগগুলি দ্রুত সমস্ত পাতায় এবং অন্যান্য পাতায় ছড়িয়ে পড়ে, যার ফলে পাতা হলুদ হয়ে যায়, ভেঙে পড়ে এবং মরে যায়। দাগগুলি কাণ্ডে ও হয়। সেগুলি দীর্ঘ এবং সরু। ফলেও ছোট হালকা বাদামী দাগগুলি থাকতে পারে যার চারপাশে গা dark ় সীমানা থাকে।
স্পোরগুলি বায়ু-বাহিত বৃষ্টির মাধ্যমে ছড়িয়ে পড়ে, এবং যদি বায়ুপ্রবাহযুক্ত বৃষ্টির আবহাওয়া কয়েক দিন ধরে চলতে থাকে, তবে রোগটি দ্রুত ছড়িয়ে পড়ে এবং গাছপালা দ্রুত তাদের পাতা হারায়।","সাংস্কৃতিক নিয়ন্ত্রণ গুরুত্বপূর্ণ। নিম্নলিখিতগুলি করা উচিত:
রোগযুক্ত পুরানো গাছের পাশে নতুন গাছ রোপণ করবেন না।
পপায়া থেকে যতটা সম্ভব দূরে রোপণ করুন, বিশেষত যদি পাতায় ছোট আয়তক্ষেত্রাকার দাগ থাকে (ফটো ৫)।
নার্সারিতে সমস্ত বীজপত্তি পরীক্ষা করুন এবং যেগুলির পাতায় দাগ রয়েছে তা ফেলে দিন।
গাছগুলির নীচের কিছু শাখা অপসারণ করুন যাতে গাছের নীচের অংশে ভাল বায়ুপ্রবাহ হতে পারে।
রোগ দেখা দিলেই নীচের পাতা অপসারণ করুন এবং আগুনে পুড়িয়ে ফেলুন, বিশেষত যখন নীচের ফলের ট্রাসগুলি তুলনোর পরে।
ফসলের ক্ষেতগুলো আগাছামুক্ত রাখুন, কারণ কিছু আগাছা ছত্রাকের আশ্রয় হতে পারে।
ওভারহেড সেচ ব্যবহার করবেন না; অন্যথায় এটি স্পোর উৎপাদন এবং সংক্রমণের জন্য পরিবেশ তৈরি করবে।
ফসল তোলার পর যতটা সম্ভব ফসল সংগ্রহ করুন এবং আগুনে পুড়িয়ে ফেলুন।
ফসল ঘুরিয়ে চাষ করুন, একই জমিতে টমেটো পুনরায় রোপণ করার আগে ৩ বছর অপেক্ষা করুন।",https://barmac.com.au/wp-content/uploads/sites/3/2016/01/Target-Spot-Tomato1.jpg
36,টমেটো : হলুদ পাতা কার্ল ভাইরাস,"টমেটো হলুদ পাতা কার্ল ভাইরাস একটি প্রজাতি যা বেগোমোভাইরাস গণের এবং গেমিনিভিরিডি পরিবারের অন্তর্ভুক্ত।
টমেটো হলুদ পাতা কার্ল ভাইরাস (TYLCV) সংক্রমণ টমেটো গাছের উপর তীব্র উপসর্গ সৃষ্টি করে এবং বিশ্বের বিভিন্ন স্থানে ফলন ক্ষতির কারণ হয়।
TYLCV মিষ্টি আলুর সাদা তেলপোকা, Bemisia tabaci (Gennadius) দ্বারা স্থায়ীভাবে সংক্রমিত হয়।
TYLCV-induced ক্ষতি কমাতে একক বা কম সংখ্যক প্রতিরোধী জেনেটিক গুণাবলী সম্পন্ন টমেটো জাত এবং হাইব্রিডগুলি সাধারণত চাষ করা হয়।
এই প্রতিরোধী জাতগুলি (জাত বা হাইব্রিড) TYLCV থেকে মুক্ত নয়। এগুলি সাধারণত সিস্টেমিক সংক্রমণ তৈরি করে, হালকা উপসর্গ প্রদর্শন করে এবং TYLCV চাপের অধীনে অধিক বাজারযোগ্য টমেটো উৎপন্ন করে।
একাধিক প্যাথোসিস্টেমে, একক ডোমিনেন্ট প্রতিরোধী গুণাবলী সম্পন্ন জাতগুলির ব্যাপক ব্যবহার ভাইরাসটির উপর তীব্র নির্বাচন চাপ সৃষ্টি করেছে, অত্যন্ত কার্যকরী স্ট্রেইনগুলির সৃষ্টি হয়েছে এবং প্রতিরোধ ভেঙে পড়েছে।","শুধুমাত্র ভাইরাস-মুক্ত এবং সাদা তেলপোকামুক্ত টমেটো এবং মরিচের ট্রান্সপ্ল্যান্ট ব্যবহার করুন।
ট্রান্সপ্ল্যান্টগুলি সাদা তেলপোকা প্রাপ্ত প্রাপ্তবয়স্কদের জন্য ক্যাপচার (বিফেনথ্রিন) অথবা ভেনম (ডিনোটেফুরান) এবং ডিম ও নিম্ফদের জন্য ওবেরন দিয়ে চিকিত্সা করা উচিত।
ট্রান্সপ্ল্যান্ট হাউসগুলিতে কমপক্ষে সাত দিন আগে ইমিডাক্লোপ্রিড বা থাইঅমেথোক্সাম ব্যবহার করা উচিত।
ইমিডাক্লোপ্রিড পুরো গাছ এবং পাতার নিচে স্প্রে করা উচিত; ডিম এবং তেলপোকা সাধারণত পাতার নিচে পাওয়া যায়।
প্রতি 14-21 দিনে স্প্রে করুন এবং মাসে একবার আবামেকটিনের সঙ্গে পরিবর্তন করুন যাতে সাদা তেলপোকাগুলি রাসায়নিকের প্রতি প্রতিরোধী হয়ে না পড়ে।",https://gd.eppo.int/media/data/taxon/T/TYLCV0/pics/1024x0/10609.jpg
37,টমেটো : মোজাইক ভাইরাস,"টমেটো মোজাইক ভাইরাস (ToMV) এবং টোব্যাকো মোজাইক ভাইরাস (TMV) আলাদা করা কঠিন।
টমেটো মোজাইক ভাইরাস (ToMV) গাছের পাতা হলুদ হয়ে যাওয়া এবং গাছের বৃদ্ধির ব্যাঘাত ঘটাতে পারে, যার ফলে গাছের শক্তি হারানো এবং ফলন কমে যেতে পারে।
ToMV ফলের অসমমিত পরিপক্বতা ঘটাতে পারে, যা ফলনের আরো কমে যাওয়া ঘটায়।
টোব্যাকো মোজাইক ভাইরাস (TMV) একসময় টমেটো গাছের উপর বেশিরভাগ সময় আক্রমণ করতে বলে মনে করা হত।
TMV সাধারণত টোব্যাকো গাছের ভাইরাসের চেয়ে টমেটো গাছের ভাইরাস হিসেবে কম পরিচিত।
পাতার ওপর হালকা এবং গা dark ় সবুজ দাগ।
টমেটো গাছের পাতার হালকা এবং গা dark ় সবুজ দাগ, গাছের বৃদ্ধির বাধা, পাতা মুড়িয়ে যাওয়া এবং অস্বাভাবিক আকৃতি।
টোব্যাকো মোজাইক ভাইরাসের লক্ষণ টমেটো গাছের চারাতে।
যদি গাছগুলোর আগে ভাইরাস আক্রমণ করে, তবে সেগুলি সাধারণত হলুদ এবং সংকুচিত হতে পারে।
পাতাগুলি হয়তো মুচড়ে যেতে পারে, আকৃতিতে অস্বাভাবিক হতে পারে অথবা আকারে ছোট হয়ে যেতে পারে।","প্রমাণিত রোগমুক্ত বীজ ব্যবহার করুন অথবা নিজেই বীজ চিকিৎসা করুন।
বীজগুলিকে 10% ট্রিসোডিয়াম ফসফেট (Na3PO4) সমাধানে কমপক্ষে 15 মিনিট ভিজিয়ে রাখুন।
অথবা শুকনো বীজ 158 �F তাপমাত্রায় রাখুন এবং ওই তাপমাত্রায় দুই থেকে চার দিন ধরে রাখুন।
শুধুমাত্র বিশ্বস্ত উৎস থেকে ট্রান্সপ্ল্যান্ট কিনুন। রোগ প্রতিরোধের জন্য তারা কী ধরনের পরিষ্কার-পরিচ্ছন্নতার পদ্ধতি ব্যবহার করে তা জিজ্ঞাসা করুন।
ক্রয়ের পূর্বে ট্রান্সপ্ল্যান্টগুলি পরিদর্শন করুন। শুধুমাত্র সেই ট্রান্সপ্ল্যান্টগুলি নির্বাচন করুন যেগুলিতে কোনো সুস্পষ্ট লক্ষণ নেই।
যেসব মাঠে টমেটোর শিকড়ের অবশিষ্টাংশ রয়েছে, সেখানে বপন করা থেকে বিরত থাকুন, কারণ ভাইরাসটি শিকড়ে দীর্ঘ সময় ধরে টিকে থাকতে পারে।
গাছগুলির সঙ্গে কাজ করার পূর্বে এবং চলাকালীন সাবান এবং পানিতে হাত ধুয়ে নিন, যাতে ভাইরাসটি গাছের মধ্যে ছড়াতে না পারে।",http://ucanr.edu/blogs/dirt/blogfiles/71403_original.jpg
38,টমেটো : সুস্থ,"বপনের এক সপ্তাহ আগে এবং বপনের দিন টমেটো গাছের সার দিতে হবে। তারা বিশেষভাবে ফসফরাস পছন্দ করে, যা ফুল এবং তাদের থেকে গড়ে ওঠা ফল বা সবজি তৈরি করতে সাহায্য করে। টমেটো গাছের ফুল আসার পর উচ্চ নাইট্রোজেন সার থেকে বিরত থাকুন, কারণ এটি লতা বৃদ্ধিতে সাহায্য করে, ফলনের বৃদ্ধি নয়। টমেটো গাছের চারা একে অপরকে ঘন করে বসাবেন না। প্রচুর আলো দিন। বাগানের মাটি গরম করার জন্য আগে থেকে জমি প্রস্তুত করুন। গাছের ডাল মাটির নিচে পুঁতে দিন। মাটি গরম হওয়ার পরে টমেটোর চারার চারপাশে মাল্চ দিন। নিচের পাতা তুলে ফেলুন। আরো টমেটো উৎপাদনের জন্য গাছের ডাল চিপে দিন এবং ছেঁটে ফেলুন। নিয়মিত পানি দিন।","টমেটো (Solanum lycopersicum) একটি ফল, যা নাইটশেড পরিবার থেকে এসেছে এবং দক্ষিণ আমেরিকায় উৎপন্ন।

যদিও এটি botanically একটি ফল, এটি সাধারণত একটি সবজি হিসেবে খাওয়া এবং প্রস্তুত করা হয়।

টমেটো হল অ্যাণ্টিঅক্সিডেন্ট লাইকোপেনের প্রধান উৎস, যা অনেক স্বাস্থ্য উপকারিতা যুক্ত, এর মধ্যে হৃদরোগ এবং ক্যান্সারের ঝুঁকি কমানো অন্তর্ভুক্ত।

এগুলি ভিটামিন সি, পটাশিয়াম, ফলেট এবং ভিটামিন কের একটি দারুণ উৎস।",https://cdn8.dissolve.com/p/D869_27_632/D869_27_632_1200.jpg

